"control_hct_id","control_hct_name","county_id","large_area","county","large_area_group","lgarea_group"
1,"Bellevue",33,"Eastside King","King","Eastside King (2)","Eastside King (2)"
2,"Seattle",33,"Seattle","King","Seattle","Seattle and Shoreline"
3,"Auburn",33,"Green River","King","Green River","Green River"
4,"Bothell",33,"Eastside King","King","Eastside King (1)","Eastside King (1)"
5,"Burien",33,"SW King","King","SW King","SW King"
6,"Federal Way",33,"SW King","King","SW King","SW King"
7,"Issaquah",33,"Eastside King","King","Eastside King (2)","Eastside King (2)"
8,"Kent",33,"Green River","King","Green River","Green River"
9,"Kirkland",33,"Eastside King","King","Eastside King (1)","Eastside King (1)"
10,"Redmond",33,"Eastside King","King","Eastside King (1)","Eastside King (1)"
11,"Renton",33,"Green River","King","Green River","Green River"
12,"SeaTac",33,"SW King","King","SW King","SW King"
13,"Tukwila",33,"Green River","King","Green River","Green River"
14,"Des Moines",33,"SW King","King","SW King","SW King"
15,"Federal Way PAA",33,"SW King","King","SW King","SW King"
16,"Kenmore",33,"Eastside King","King","Eastside King (1)","Eastside King (1)"
17,"Lake Forest Park",33,"Shoreline","King","Shoreline","Seattle and Shoreline"
18,"Mercer Island",33,"Eastside King","King","Eastside King (2)","Eastside King (2)"
19,"Newcastle",33,"Eastside King","King","Eastside King (2)","Eastside King (2)"
20,"North Highline",33,"SW King","King","SW King","SW King"
22,"Renton PAA East Renton",33,"SE King","King","SE King","SE King and King Other"
23,"Renton PAA Fairwood",33,"SE King","King","SE King","SE King and King Other"
24,"Renton PAA West Hill",33,"Green River","King","Green River","Green River"
25,"Shoreline",33,"Shoreline","King","Shoreline","Seattle and Shoreline"
26,"Woodinville",33,"Eastside King","King","Eastside King (1)","Eastside King (1)"
27,"Algona",33,"SW King","King","SW King","SW King"
28,"Beaux Arts",33,"Eastside King","King","Eastside King (2)","Eastside King (2)"
29,"Black Diamond",33,"SE King","King","SE King","SE King and King Other"
30,"Carnation",33,"King Other","King","King Other","SE King and King Other"
31,"Clyde Hill",33,"Eastside King","King","Eastside King (1)","Eastside King (1)"
32,"Covington",33,"SE King","King","SE King","SE King and King Other"
33,"Duvall",33,"King Other","King","King Other","SE King and King Other"
34,"Enumclaw",33,"SE King","King","SE King","SE King and King Other"
35,"Hunts Point",33,"Eastside King","King","Eastside King (1)","Eastside King (1)"
36,"Maple Valley",33,"SE King","King","SE King","SE King and King Other"
37,"Medina",33,"Eastside King","King","Eastside King (1)","Eastside King (1)"
38,"Milton",33,"SW King","King","SW King","SW King"
39,"Normandy Park",33,"SW King","King","SW King","SW King"
40,"North Bend",33,"King Other","King","King Other","SE King and King Other"
41,"Pacific",33,"Green River","King","Green River","Green River"
42,"Sammamish",33,"Eastside King","King","Eastside King (2)","Eastside King (2)"
43,"Skykomish",33,"King Other","King","King Other","SE King and King Other"
44,"Snoqualmie",33,"King Other","King","King Other","SE King and King Other"
45,"Yarrow Point",33,"Eastside King","King","Eastside King (1)","Eastside King (1)"
46,"Auburn PAA",33,"Green River","King","Green River","Green River"
48,"Bellevue PAA",33,"Eastside King","King","Eastside King (2)","Eastside King (2)"
49,"Black Diamond PAA",33,"SE King","King","SE King","SE King and King Other"
51,"Issaquah PAA",33,"Eastside King","King","Eastside King (2)","Eastside King (2)"
52,"Kent PAA",33,"Green River","King","Green River","Green River"
53,"King UGA",33,"Eastside King","King","Eastside King (2)","Eastside King (2)"
57,"Newcastle PAA",33,"Eastside King","King","Eastside King (2)","Eastside King (2)"
58,"Pacific PAA",33,"SW King","King","SW King","SW King"
60,"Redmond PAA",33,"Eastside King","King","Eastside King (1)","Eastside King (1)"
61,"Sammamish PAA",33,"Eastside King","King","Eastside King (2)","Eastside King (2)"
64,"King Rural",33,"SW King","King","SW King","SW King"
65,"Bremerton",35,"Central Kitsap","Kitsap","Central Kitsap","Central, North, and South Kitsap"
67,"Bremerton UGA",35,"Central Kitsap","Kitsap","Central Kitsap","Central, North, and South Kitsap"
68,"Silverdale",35,"Central Kitsap","Kitsap","Central Kitsap","Central, North, and South Kitsap"
69,"Bainbridge Island",35,"North Kitsap","Kitsap","North Kitsap","Central, North, and South Kitsap"
70,"Kingston UGA",35,"North Kitsap","Kitsap","North Kitsap","Central, North, and South Kitsap"
71,"Port Orchard",35,"South Kitsap","Kitsap","South Kitsap","Central, North, and South Kitsap"
72,"Port Orchard UGA",35,"South Kitsap","Kitsap","South Kitsap","Central, North, and South Kitsap"
73,"Poulsbo",35,"North Kitsap","Kitsap","North Kitsap","Central, North, and South Kitsap"
74,"Poulsbo PUTA",35,"North Kitsap","Kitsap","North Kitsap","Central, North, and South Kitsap"
75,"Central Kitsap UGA",35,"Central Kitsap","Kitsap","Central Kitsap","Central, North, and South Kitsap"
76,"Kitsap Rural",35,"Central Kitsap","Kitsap","Central Kitsap","Central, North, and South Kitsap"
77,"Tacoma",53,"Tacoma","Pierce","Tacoma","Peninsula and Tacoma"
78,"Auburn",53,"Pierce Other","Pierce","Pierce Other (1)","Pierce Other (1)"
79,"Lakewood",53,"SW Pierce","Pierce","SW Pierce","SW Pierce"
80,"Puyallup",53,"Pierce Other","Pierce","Pierce Other (2)","Pierce Other (2)"
81,"University Place",53,"SW Pierce","Pierce","SW Pierce","SW Pierce"
82,"DuPont",53,"SW Pierce","Pierce","SW Pierce","SW Pierce"
83,"Fife",53,"Tacoma","Pierce","Tacoma","Peninsula and Tacoma"
84,"Fircrest",53,"SW Pierce","Pierce","SW Pierce","SW Pierce"
85,"Mid County Parkland Spanaway Midland South Hill",53,"Pierce Other","Pierce","Pierce Other (2)","Pierce Other (2)"
86,"Sumner",53,"Pierce Other","Pierce","Pierce Other (1)","Pierce Other (1)"
87,"Bonney Lake",53,"Pierce Other","Pierce","Pierce Other (1)","Pierce Other (1)"
88,"Buckley",53,"Pierce Other","Pierce","Pierce Other (1)","Pierce Other (1)"
89,"Carbonado",53,"Pierce Other","Pierce","Pierce Other (2)","Pierce Other (2)"
90,"Eatonville",53,"Pierce Other","Pierce","Pierce Other (2)","Pierce Other (2)"
91,"Edgewood",53,"Pierce Other","Pierce","Pierce Other (1)","Pierce Other (1)"
92,"Gig Harbor",53,"Peninsula","Pierce","Peninsula","Peninsula and Tacoma"
93,"Milton",53,"Pierce Other","Pierce","Pierce Other (1)","Pierce Other (1)"
94,"Orting",53,"Pierce Other","Pierce","Pierce Other (2)","Pierce Other (2)"
95,"Pacific",53,"Pierce Other","Pierce","Pierce Other (1)","Pierce Other (1)"
96,"Roy",53,"Pierce Other","Pierce","Pierce Other (2)","Pierce Other (2)"
97,"Ruston",53,"Tacoma","Pierce","Tacoma","Peninsula and Tacoma"
98,"South Prairie",53,"Pierce Other","Pierce","Pierce Other (2)","Pierce Other (2)"
99,"Steilacoom",53,"SW Pierce","Pierce","SW Pierce","SW Pierce"
100,"Wilkeson",53,"Pierce Other","Pierce","Pierce Other (2)","Pierce Other (2)"
107,"Pierce UGA",53,"Pierce Other","Pierce","Pierce Other (1)","Pierce Other (1)"
124,"Pierce Rural",53,"Pierce Other","Pierce","Pierce Other (2)","Pierce Other (2)"
125,"Everett",61,"Everett","Snohomish","Everett","Everett"
126,"Bothell",61,"SW Snohomish","Snohomish","SW Snohomish (2)","SW Snohomish (2)"
127,"Lynnwood",61,"SW Snohomish","Snohomish","SW Snohomish (1)","SW Snohomish (1)"
128,"Arlington",61,"Everett","Snohomish","Everett","Everett"
129,"Bothell MUGA",61,"SW Snohomish","Snohomish","SW Snohomish (2)","SW Snohomish (2)"
130,"Edmonds",61,"SW Snohomish","Snohomish","SW Snohomish (1)","SW Snohomish (1)"
131,"Edmonds MUGA",61,"SW Snohomish","Snohomish","SW Snohomish (1)","SW Snohomish (1)"
132,"Everett MUGA",61,"SW Snohomish","Snohomish","SW Snohomish (2)","SW Snohomish (2)"
133,"Larch Way Overlap",61,"SW Snohomish","Snohomish","SW Snohomish (1)","SW Snohomish (1)"
135,"Lynnwood MUGA",61,"Snohomish Other","Snohomish","Snohomish Other","Snohomish Other"
136,"Marysville",61,"Everett","Snohomish","Everett","Everett"
138,"Mill Creek",61,"SW Snohomish","Snohomish","SW Snohomish (2)","SW Snohomish (2)"
139,"Mill Creek MUGA",61,"SW Snohomish","Snohomish","SW Snohomish (2)","SW Snohomish (2)"
140,"Mountlake Terrace",61,"SW Snohomish","Snohomish","SW Snohomish (1)","SW Snohomish (1)"
141,"Mukilteo",61,"SW Snohomish","Snohomish","SW Snohomish (1)","SW Snohomish (1)"
142,"Mukilteo MUGA",61,"SW Snohomish","Snohomish","SW Snohomish (1)","SW Snohomish (1)"
143,"Brier",61,"SW Snohomish","Snohomish","SW Snohomish (2)","SW Snohomish (2)"
144,"Darrington",61,"Snohomish Other","Snohomish","Snohomish Other","Snohomish Other"
145,"Gold Bar",61,"Snohomish Other","Snohomish","Snohomish Other","Snohomish Other"
146,"Granite Falls",61,"Snohomish Other","Snohomish","Snohomish Other","Snohomish Other"
147,"Index",61,"Snohomish Other","Snohomish","Snohomish Other","Snohomish Other"
148,"Lake Stevens",61,"Everett","Snohomish","Everett","Everett"
149,"Monroe",61,"Snohomish Other","Snohomish","Snohomish Other","Snohomish Other"
150,"Snohomish",61,"Everett","Snohomish","Everett","Everett"
151,"Stanwood",61,"NW Snohomish","Snohomish","NW Snohomish","NW Snohomish"
152,"Sultan",61,"Snohomish Other","Snohomish","Snohomish Other","Snohomish Other"
153,"Woodway",61,"SW Snohomish","Snohomish","SW Snohomish (1)","SW Snohomish (1)"
155,"Arlington UGA",61,"Everett","Snohomish","Everett","Everett"
156,"Brier MUGA",61,"SW Snohomish","Snohomish","SW Snohomish (2)","SW Snohomish (2)"
157,"Darrington UGA",61,"Snohomish Other","Snohomish","Snohomish Other","Snohomish Other"
158,"Gold Bar UGA",61,"Snohomish Other","Snohomish","Snohomish Other","Snohomish Other"
159,"Granite Falls UGA",61,"Snohomish Other","Snohomish","Snohomish Other","Snohomish Other"
161,"Lake Stevens UGA",61,"Everett","Snohomish","Everett","Everett"
162,"Lake Stickney Gap",61,"SW Snohomish","Snohomish","SW Snohomish (2)","SW Snohomish (2)"
163,"Maltby UGA",61,"SW Snohomish","Snohomish","SW Snohomish (2)","SW Snohomish (2)"
164,"Marysville UGA",61,"NW Snohomish","Snohomish","NW Snohomish","NW Snohomish"
166,"Monroe UGA",61,"Snohomish Other","Snohomish","Snohomish Other","Snohomish Other"
167,"Mountlake Terrace MUGA",61,"SW Snohomish","Snohomish","SW Snohomish (1)","SW Snohomish (1)"
168,"Paine Field Area",61,"Everett","Snohomish","Everett","Everett"
169,"Silver Firs Gap",61,"SW Snohomish","Snohomish","SW Snohomish (2)","SW Snohomish (2)"
170,"Snohomish UGA",61,"Everett","Snohomish","Everett","Everett"
172,"Stanwood UGA",61,"NW Snohomish","Snohomish","NW Snohomish","NW Snohomish"
174,"Sultan UGA",61,"Snohomish Other","Snohomish","Snohomish Other","Snohomish Other"
175,"Woodway MUGA",61,"SW Snohomish","Snohomish","SW Snohomish (1)","SW Snohomish (1)"
176,"Snohomish Rural",61,"Snohomish Other","Snohomish","Snohomish Other","Snohomish Other"
201,"King no growth UGA Bear Creek UPD",33,"Eastside King","King","Eastside King (1)","Eastside King (1)"
202,"Carnation UGA",33,"King Other","King","King Other","SE King and King Other"
203,"Covington PAA",33,"SE King","King","SE King","SE King and King Other"
204,"Duvall UGA",33,"King Other","King","King Other","SE King and King Other"
205,"Enumclaw UGA",33,"SE King","King","SE King","SE King and King Other"
206,"King no growth UGA Milton PAA",33,"SW King","King","SW King","SW King"
207,"North Bend UGA",33,"King Other","King","King Other","SE King and King Other"
208,"Snoqualmie UGA",33,"King Other","King","King Other","SE King and King Other"
209,"King no growth UGA Tukwila PAA",33,"Green River","King","Green River","Green River"
210,"Tulalip Tribe",61,"NW Snohomish","Snohomish","NW Snohomish","NW Snohomish"
301,"King Rural Ag and Resource",33,"King Other","King","King Other","SE King and King Other"
302,"Kitsap Rural Ag and Resource",35,"Central Kitsap","Kitsap","Central Kitsap","Central, North, and South Kitsap"
303,"Pierce Rural Ag and Resource",53,"Pierce Other","Pierce","Pierce Other (2)","Pierce Other (2)"
304,"Snohomish Rural Ag and Resource",61,"Snohomish Other","Snohomish","Snohomish Other","Snohomish Other"
401,"NBK Bremerton",35,"Central Kitsap","Kitsap","Central Kitsap","Central, North, and South Kitsap"
402,"NBK Bangor",35,"Central Kitsap","Kitsap","Central Kitsap","Central, North, and South Kitsap"
403,"JBLM",53,"SW Pierce","Pierce","SW Pierce","SW Pierce"
404,"Naval Station Everett",61,"Everett","Snohomish","Everett","Everett"
1001,"Bellevue",33,"Eastside King","King","Eastside King (2)","Eastside King (2)"
1002,"Seattle",33,"Seattle","King","Seattle","Seattle and Shoreline"
1003,"Auburn",33,"SE King","King","SE King","SE King and King Other"
1004,"Bothell",33,"Eastside King","King","Eastside King (1)","Eastside King (1)"
1005,"Burien",33,"SW King","King","SW King","SW King"
1006,"Federal Way",33,"SW King","King","SW King","SW King"
1007,"Issaquah",33,"Eastside King","King","Eastside King (2)","Eastside King (2)"
1008,"Kent",33,"Green River","King","Green River","Green River"
1009,"Kirkland",33,"Eastside King","King","Eastside King (1)","Eastside King (1)"
1010,"Redmond",33,"Eastside King","King","Eastside King (1)","Eastside King (1)"
1011,"Renton",33,"Green River","King","Green River","Green River"
1012,"SeaTac",33,"SW King","King","SW King","SW King"
1013,"Tukwila",33,"Green River","King","Green River","Green River"
1014,"Des Moines",33,"SW King","King","SW King","SW King"
1015,"Federal Way PAA",33,"SW King","King","SW King","SW King"
1016,"Kenmore",33,"Eastside King","King","Eastside King (1)","Eastside King (1)"
1017,"Lake Forest Park",33,"Shoreline","King","Shoreline","Seattle and Shoreline"
1018,"Mercer Island",33,"Eastside King","King","Eastside King (2)","Eastside King (2)"
1019,"Newcastle",33,"Eastside King","King","Eastside King (2)","Eastside King (2)"
1020,"North Highline",33,"SW King","King","SW King","SW King"
1024,"Renton PAA West Hill",33,"Green River","King","Green River","Green River"
1025,"Shoreline",33,"Shoreline","King","Shoreline","Seattle and Shoreline"
1026,"Woodinville",33,"Eastside King","King","Eastside King (1)","Eastside King (1)"
1065,"Bremerton",35,"Central Kitsap","Kitsap","Central Kitsap","Central, North, and South Kitsap"
1068,"Silverdale",35,"Central Kitsap","Kitsap","Central Kitsap","Central, North, and South Kitsap"
1069,"Bainbridge Island",35,"North Kitsap","Kitsap","North Kitsap","Central, North, and South Kitsap"
1070,"Kingston UGA",35,"North Kitsap","Kitsap","North Kitsap","Central, North, and South Kitsap"
1071,"Port Orchard",35,"South Kitsap","Kitsap","South Kitsap","Central, North, and South Kitsap"
1072,"Port Orchard UGA",35,"South Kitsap","Kitsap","South Kitsap","Central, North, and South Kitsap"
1073,"Poulsbo",35,"North Kitsap","Kitsap","North Kitsap","Central, North, and South Kitsap"
1074,"Poulsbo PUTA",35,"North Kitsap","Kitsap","North Kitsap","Central, North, and South Kitsap"
1077,"Tacoma",53,"Tacoma","Pierce","Tacoma","Peninsula and Tacoma"
1079,"Lakewood",53,"SW Pierce","Pierce","SW Pierce","SW Pierce"
1080,"Puyallup",53,"Pierce Other","Pierce","Pierce Other (2)","Pierce Other (2)"
1081,"University Place",53,"SW Pierce","Pierce","SW Pierce","SW Pierce"
1082,"DuPont",53,"SW Pierce","Pierce","SW Pierce","SW Pierce"
1083,"Fife",53,"Tacoma","Pierce","Tacoma","Peninsula and Tacoma"
1084,"Fircrest",53,"SW Pierce","Pierce","SW Pierce","SW Pierce"
1085,"Mid County Parkland Spanaway Midland South Hill",53,"Pierce Other","Pierce","Pierce Other (2)","Pierce Other (2)"
1086,"Sumner",53,"Pierce Other","Pierce","Pierce Other (1)","Pierce Other (1)"
1125,"Everett",61,"Everett","Snohomish","Everett","Everett"
1126,"Bothell",61,"SW Snohomish","Snohomish","SW Snohomish (2)","SW Snohomish (2)"
1127,"Lynnwood",61,"SW Snohomish","Snohomish","SW Snohomish (1)","SW Snohomish (1)"
1128,"Arlington",61,"Everett","Snohomish","Everett","Everett"
1129,"Bothell MUGA",61,"SW Snohomish","Snohomish","SW Snohomish (2)","SW Snohomish (2)"
1130,"Edmonds",61,"SW Snohomish","Snohomish","SW Snohomish (1)","SW Snohomish (1)"
1131,"Edmonds MUGA",61,"SW Snohomish","Snohomish","SW Snohomish (1)","SW Snohomish (1)"
1132,"Everett MUGA",61,"Everett","Snohomish","Everett","Everett"
1133,"Larch Way Overlap",61,"SW Snohomish","Snohomish","SW Snohomish (1)","SW Snohomish (1)"
1135,"Lynnwood MUGA",61,"SW Snohomish","Snohomish","SW Snohomish (1)","SW Snohomish (1)"
1136,"Marysville",61,"Everett","Snohomish","Everett","Everett"
1138,"Mill Creek",61,"SW Snohomish","Snohomish","SW Snohomish (2)","SW Snohomish (2)"
1139,"Mill Creek MUGA",61,"SW Snohomish","Snohomish","SW Snohomish (2)","SW Snohomish (2)"
1140,"Mountlake Terrace",61,"SW Snohomish","Snohomish","SW Snohomish (1)","SW Snohomish (1)"
1141,"Mukilteo",61,"Everett","Snohomish","Everett","Everett"
1142,"Mukilteo MUGA",61,"SW Snohomish","Snohomish","SW Snohomish (1)","SW Snohomish (1)"
